split,relative_path,absolute_path,true_class,predicted_class,num_windows,top5_classes
offline_training,offline_training/allspice/allspice.31403b058a64.csv,/Users/jeremykalfus/.cache/huggingface/hub/datasets--DeweiFeng--smell-net/blobs/f93d22cc43bcc70351fab01ce204f6cc96d5e0e5,allspice,allspice,9,"[""allspice"", ""cinnamon"", ""tomato"", ""brazil_nut"", ""coriander""]"
offline_training,offline_training/allspice/allspice.4dda19069069.csv,/Users/jeremykalfus/.cache/huggingface/hub/datasets--DeweiFeng--smell-net/blobs/d0317e79dc0bee5aa017aef63fcfa814f1f40ad1,allspice,allspice,9,"[""allspice"", ""cinnamon"", ""coriander"", ""chives"", ""oregano""]"
offline_training,offline_training/allspice/allspice.898e1c788fca.csv,/Users/jeremykalfus/.cache/huggingface/hub/datasets--DeweiFeng--smell-net/blobs/aa92af56c7a25b8510a67f23e78d70e671214a0b,allspice,allspice,10,"[""allspice"", ""cinnamon"", ""hazelnut"", ""peanuts"", ""garlic""]"
offline_training,offline_training/allspice/allspice.90efa8c818cc.csv,/Users/jeremykalfus/.cache/huggingface/hub/datasets--DeweiFeng--smell-net/blobs/fbbd745381170cb91963c0066cbd859337292c4e,allspice,allspice,10,"[""allspice"", ""cumin"", ""angelica"", ""dill"", ""coriander""]"
offline_training,offline_training/allspice/allspice.9f97940311e4.csv,/Users/jeremykalfus/.cache/huggingface/hub/datasets--DeweiFeng--smell-net/blobs/6b8de7d3c7514a82439feb19de206f2fbe6eadd0,allspice,allspice,10,"[""allspice"", ""cinnamon"", ""cumin"", ""cloves"", ""oregano""]"
offline_training,offline_training/almond/almond.1358d2b56280.csv,/Users/jeremykalfus/.cache/huggingface/hub/datasets--DeweiFeng--smell-net/blobs/7861ca0bae65f44f395dc0c9a39cf118ed5c0770,almond,almond,11,"[""almond"", ""brazil_nut"", ""cashew"", ""chamomile"", ""hazelnut""]"
offline_training,offline_training/almond/almond.4016eb19a226.csv,/Users/jeremykalfus/.cache/huggingface/hub/datasets--DeweiFeng--smell-net/blobs/f03058a6765a8aa434a870e1b1798de291e0bb3b,almond,almond,12,"[""almond"", ""peanuts"", ""brazil_nut"", ""hazelnut"", ""chamomile""]"
offline_training,offline_training/almond/almond.8efe4fc13fd7.csv,/Users/jeremykalfus/.cache/huggingface/hub/datasets--DeweiFeng--smell-net/blobs/01f9003c785a3f4999734793d0be2602b22af636,almond,almond,9,"[""almond"", ""mugwort"", ""cinnamon"", ""cloves"", ""tomato""]"
offline_training,offline_training/almond/almond.a5807139ebbd.csv,/Users/jeremykalfus/.cache/huggingface/hub/datasets--DeweiFeng--smell-net/blobs/4606a85ec2fb8e3179634364174bec6fc0c7ea5d,almond,almond,11,"[""almond"", ""mustard"", ""cashew"", ""chamomile"", ""ginger""]"
offline_training,offline_training/almond/almond.d31ddd049b10.csv,/Users/jeremykalfus/.cache/huggingface/hub/datasets--DeweiFeng--smell-net/blobs/5104031de799e495df41b5c1b8ead4f1cb8287eb,almond,almond,10,"[""almond"", ""hazelnut"", ""broccoli"", ""mint"", ""walnuts""]"
offline_training,offline_training/angelica/angelica.21b8f073cff4.csv,/Users/jeremykalfus/.cache/huggingface/hub/datasets--DeweiFeng--smell-net/blobs/a00a77b2418d0053dbb5075ccb458f1f61502c77,angelica,ginger,11,"[""ginger"", ""chamomile"", ""cinnamon"", ""coriander"", ""allspice""]"
offline_training,offline_training/angelica/angelica.493dbe9556eb.csv,/Users/jeremykalfus/.cache/huggingface/hub/datasets--DeweiFeng--smell-net/blobs/d38fda9c1bc647dd082a11542509a76d85e2f190,angelica,angelica,11,"[""angelica"", ""star_anise"", ""mugwort"", ""potato"", ""lemon""]"
offline_training,offline_training/angelica/angelica.4c16ca0725e7.csv,/Users/jeremykalfus/.cache/huggingface/hub/datasets--DeweiFeng--smell-net/blobs/eb6e313ea0b6049e7581f26fb71e05d896acfcbe,angelica,angelica,12,"[""angelica"", ""star_anise"", ""pistachios"", ""saffron"", ""almond""]"
offline_training,offline_training/angelica/angelica.741575ec0b4b.csv,/Users/jeremykalfus/.cache/huggingface/hub/datasets--DeweiFeng--smell-net/blobs/eca3c231c060112e39b3c9558f59f0074fed3a66,angelica,angelica,10,"[""angelica"", ""apple"", ""mango"", ""cabbage"", ""walnuts""]"
offline_training,offline_training/angelica/angelica.d719387aa9b0.csv,/Users/jeremykalfus/.cache/huggingface/hub/datasets--DeweiFeng--smell-net/blobs/5187ee1261df8ade504e204d2de5514fee8b9f64,angelica,angelica,11,"[""angelica"", ""star_anise"", ""strawberry"", ""lemon"", ""chamomile""]"
offline_training,offline_training/apple/apple.31a9872a75df.csv,/Users/jeremykalfus/.cache/huggingface/hub/datasets--DeweiFeng--smell-net/blobs/056c1a4c540e28116665f3f48d53a848535b0999,apple,mango,10,"[""mango"", ""apple"", ""pear"", ""angelica"", ""avocado""]"
offline_training,offline_training/apple/apple.53398c87211d.csv,/Users/jeremykalfus/.cache/huggingface/hub/datasets--DeweiFeng--smell-net/blobs/ed71f563ba880c37e9603acfcc751dee0c596c80,apple,apple,10,"[""apple"", ""mango"", ""strawberry"", ""mugwort"", ""pear""]"
offline_training,offline_training/apple/apple.92a13564a60c.csv,/Users/jeremykalfus/.cache/huggingface/hub/datasets--DeweiFeng--smell-net/blobs/d24b7b8cbd99e361951f6a3dccdf603c992ab512,apple,apple,11,"[""apple"", ""mango"", ""pear"", ""pili_nut"", ""cashew""]"
offline_training,offline_training/apple/apple.b79ec5501b57.csv,/Users/jeremykalfus/.cache/huggingface/hub/datasets--DeweiFeng--smell-net/blobs/e3ff21b7e59171c49da4376e804fe80669cd4ab7,apple,apple,10,"[""apple"", ""pear"", ""cabbage"", ""mango"", ""lemon""]"
offline_training,offline_training/apple/apple.c2dd844ef205.csv,/Users/jeremykalfus/.cache/huggingface/hub/datasets--DeweiFeng--smell-net/blobs/09820cec1fefa1fdf40b657d7d48cfbd89902276,apple,apple,10,"[""apple"", ""pear"", ""mango"", ""angelica"", ""cloves""]"
offline_training,offline_training/asparagus/asparagus.259a631a70d4.csv,/Users/jeremykalfus/.cache/huggingface/hub/datasets--DeweiFeng--smell-net/blobs/988aeca68b37110ca71e88f18cd908637819e101,asparagus,asparagus,10,"[""asparagus"", ""brussel_sprouts"", ""potato"", ""chives"", ""turnip""]"
offline_training,offline_training/asparagus/asparagus.47afb725e4b0.csv,/Users/jeremykalfus/.cache/huggingface/hub/datasets--DeweiFeng--smell-net/blobs/dc602d59d241afe8c01bb498e8c3301b163d3f73,asparagus,asparagus,10,"[""asparagus"", ""brussel_sprouts"", ""garlic"", ""mandarin_orange"", ""turnip""]"
offline_training,offline_training/asparagus/asparagus.da9735ad180f.csv,/Users/jeremykalfus/.cache/huggingface/hub/datasets--DeweiFeng--smell-net/blobs/f8dadd3b1ee17d0ec7255fe657e483a26262fe8e,asparagus,asparagus,9,"[""asparagus"", ""chives"", ""brussel_sprouts"", ""ginger"", ""mandarin_orange""]"
offline_training,offline_training/asparagus/asparagus.f67337449af3.csv,/Users/jeremykalfus/.cache/huggingface/hub/datasets--DeweiFeng--smell-net/blobs/30acf1e04ce81c103bd33b5050a1f36dd292e314,asparagus,asparagus,10,"[""asparagus"", ""brussel_sprouts"", ""chives"", ""garlic"", ""mint""]"
offline_training,offline_training/asparagus/asparagus.fd7097fb7116.csv,/Users/jeremykalfus/.cache/huggingface/hub/datasets--DeweiFeng--smell-net/blobs/17e51c819219547b5b5a180e5949a8e096a96047,asparagus,asparagus,10,"[""asparagus"", ""chives"", ""brussel_sprouts"", ""potato"", ""mint""]"
offline_training,offline_training/avocado/avocado.0342b097f133.csv,/Users/jeremykalfus/.cache/huggingface/hub/datasets--DeweiFeng--smell-net/blobs/b23a401b154ab628a5471f8dd3a8877c6b03ca9f,avocado,avocado,10,"[""avocado"", ""tomato"", ""cabbage"", ""cauliflower"", ""turnip""]"
offline_training,offline_training/avocado/avocado.0867795c9132.csv,/Users/jeremykalfus/.cache/huggingface/hub/datasets--DeweiFeng--smell-net/blobs/8ef7d6345d4c7a9e1440688749003e1137d5607d,avocado,avocado,10,"[""avocado"", ""cauliflower"", ""turnip"", ""tomato"", ""cabbage""]"
offline_training,offline_training/avocado/avocado.1e2abe37d8c9.csv,/Users/jeremykalfus/.cache/huggingface/hub/datasets--DeweiFeng--smell-net/blobs/f877b21d00e2e604c65af2b8a31773dc61291c80,avocado,avocado,10,"[""avocado"", ""cabbage"", ""broccoli"", ""tomato"", ""turnip""]"
offline_training,offline_training/avocado/avocado.365260112bba.csv,/Users/jeremykalfus/.cache/huggingface/hub/datasets--DeweiFeng--smell-net/blobs/f26a4a8abfdec7b87ab3c961695fe4960ca4cf14,avocado,avocado,10,"[""avocado"", ""turnip"", ""tomato"", ""cabbage"", ""asparagus""]"
offline_training,offline_training/avocado/avocado.e625317fb106.csv,/Users/jeremykalfus/.cache/huggingface/hub/datasets--DeweiFeng--smell-net/blobs/799fb1fb56e19ba776170e78cc1f93a40cf53a98,avocado,avocado,10,"[""avocado"", ""cabbage"", ""cauliflower"", ""tomato"", ""turnip""]"
offline_training,offline_training/banana/banana.19b92b17463c.csv,/Users/jeremykalfus/.cache/huggingface/hub/datasets--DeweiFeng--smell-net/blobs/6e47114af9d4973f7e5dbb0fd8e46bb4a1e07313,banana,banana,11,"[""banana"", ""chives"", ""potato"", ""turnip"", ""brussel_sprouts""]"
offline_training,offline_training/banana/banana.8586201bf6d5.csv,/Users/jeremykalfus/.cache/huggingface/hub/datasets--DeweiFeng--smell-net/blobs/d8b0d1b0e162d1867a16e4fca2837d9f1d330501,banana,tomato,9,"[""tomato"", ""banana"", ""chives"", ""garlic"", ""allspice""]"
offline_training,offline_training/banana/banana.968e4cae07f3.csv,/Users/jeremykalfus/.cache/huggingface/hub/datasets--DeweiFeng--smell-net/blobs/e576b4f6923fd183ef46a571a083d6daafa8b6cc,banana,banana,9,"[""banana"", ""broccoli"", ""chives"", ""ginger"", ""tomato""]"
offline_training,offline_training/banana/banana.dd8e08790cd6.csv,/Users/jeremykalfus/.cache/huggingface/hub/datasets--DeweiFeng--smell-net/blobs/e22b99535fc940e0e2a1e6283224c641cbf52a9f,banana,banana,9,"[""banana"", ""chives"", ""tomato"", ""ginger"", ""coriander""]"
offline_training,offline_training/banana/banana.f7d074c3edc2.csv,/Users/jeremykalfus/.cache/huggingface/hub/datasets--DeweiFeng--smell-net/blobs/0149da993d1d7caff1d8c5187a4ee63bc3f1967c,banana,banana,9,"[""banana"", ""turnip"", ""chives"", ""potato"", ""hazelnut""]"
offline_training,offline_training/brazil_nut/brazil_nut.473498d12e1e.csv,/Users/jeremykalfus/.cache/huggingface/hub/datasets--DeweiFeng--smell-net/blobs/335794bb2152214643dd23b790b9b19f3a12a768,brazil_nut,brazil_nut,10,"[""brazil_nut"", ""hazelnut"", ""peanuts"", ""walnuts"", ""cashew""]"
offline_training,offline_training/brazil_nut/brazil_nut.4dbde58e1630.csv,/Users/jeremykalfus/.cache/huggingface/hub/datasets--DeweiFeng--smell-net/blobs/e3d6031e13aeb15581bfe63b3d8c154a66728284,brazil_nut,brazil_nut,11,"[""brazil_nut"", ""hazelnut"", ""walnuts"", ""peanuts"", ""cashew""]"
offline_training,offline_training/brazil_nut/brazil_nut.87c2f95be9d5.csv,/Users/jeremykalfus/.cache/huggingface/hub/datasets--DeweiFeng--smell-net/blobs/ef3956eed021fb09b41b416a22b169b9039d3c7c,brazil_nut,brazil_nut,10,"[""brazil_nut"", ""hazelnut"", ""mugwort"", ""peanuts"", ""pili_nut""]"
offline_training,offline_training/brazil_nut/brazil_nut.93e9d7bc1eed.csv,/Users/jeremykalfus/.cache/huggingface/hub/datasets--DeweiFeng--smell-net/blobs/b8d1f7f569bfd05de52eee0c7cb3321a0adb4350,brazil_nut,brazil_nut,10,"[""brazil_nut"", ""walnuts"", ""chervil"", ""hazelnut"", ""chamomile""]"
offline_training,offline_training/brazil_nut/brazil_nut.e10e309eac83.csv,/Users/jeremykalfus/.cache/huggingface/hub/datasets--DeweiFeng--smell-net/blobs/3d15e1e34fd41b825b13b3cdbb2f345de4d4deb1,brazil_nut,walnuts,10,"[""walnuts"", ""brazil_nut"", ""mint"", ""pili_nut"", ""hazelnut""]"
offline_training,offline_training/broccoli/broccoli.6d35a493a01e.csv,/Users/jeremykalfus/.cache/huggingface/hub/datasets--DeweiFeng--smell-net/blobs/5c5fe30f0316fb5da8c684ee2bcd890d1e10a085,broccoli,broccoli,9,"[""broccoli"", ""chestnuts"", ""avocado"", ""pineapple"", ""banana""]"
offline_training,offline_training/broccoli/broccoli.7ed2356117cc.csv,/Users/jeremykalfus/.cache/huggingface/hub/datasets--DeweiFeng--smell-net/blobs/7abcc94c028435f7133a816b6eb658eb15fdafba,broccoli,broccoli,9,"[""broccoli"", ""avocado"", ""chestnuts"", ""cauliflower"", ""potato""]"
offline_training,offline_training/broccoli/broccoli.7fef9824ee4d.csv,/Users/jeremykalfus/.cache/huggingface/hub/datasets--DeweiFeng--smell-net/blobs/0e9cbdc6e0df087739b0ff391d91fe7878c08a2a,broccoli,broccoli,8,"[""broccoli"", ""peanuts"", ""cauliflower"", ""garlic"", ""pineapple""]"
offline_training,offline_training/broccoli/broccoli.b600b4ca3cf8.csv,/Users/jeremykalfus/.cache/huggingface/hub/datasets--DeweiFeng--smell-net/blobs/eabebd5c2c2933804e55c082ca1a2c9f2c5bb9a2,broccoli,broccoli,8,"[""broccoli"", ""cloves"", ""chestnuts"", ""banana"", ""avocado""]"
offline_training,offline_training/broccoli/broccoli.c6fa3b97e48f.csv,/Users/jeremykalfus/.cache/huggingface/hub/datasets--DeweiFeng--smell-net/blobs/3b66c80823e35f250519f305ed7b9d0acacde439,broccoli,broccoli,9,"[""broccoli"", ""chestnuts"", ""avocado"", ""pineapple"", ""cauliflower""]"
offline_training,offline_training/brussel_sprouts/brussel_sprouts.573eb64b967a.csv,/Users/jeremykalfus/.cache/huggingface/hub/datasets--DeweiFeng--smell-net/blobs/0b1dec5334b9be0e28ad73869270587d10c64848,brussel_sprouts,brussel_sprouts,10,"[""brussel_sprouts"", ""banana"", ""chives"", ""potato"", ""asparagus""]"
offline_training,offline_training/brussel_sprouts/brussel_sprouts.931003584196.csv,/Users/jeremykalfus/.cache/huggingface/hub/datasets--DeweiFeng--smell-net/blobs/e41a4b594320337f98f44f189810683bb684422d,brussel_sprouts,brussel_sprouts,10,"[""brussel_sprouts"", ""asparagus"", ""potato"", ""pecans"", ""chives""]"
offline_training,offline_training/brussel_sprouts/brussel_sprouts.ad95b4f19da3.csv,/Users/jeremykalfus/.cache/huggingface/hub/datasets--DeweiFeng--smell-net/blobs/f280f5db2e14b303ecef5803ea145f56871e4330,brussel_sprouts,brussel_sprouts,10,"[""brussel_sprouts"", ""asparagus"", ""chestnuts"", ""chives"", ""cashew""]"
offline_training,offline_training/brussel_sprouts/brussel_sprouts.be8f80864ccb.csv,/Users/jeremykalfus/.cache/huggingface/hub/datasets--DeweiFeng--smell-net/blobs/4d7fcb3eebd694758cc9ba76d3b6c15482c43770,brussel_sprouts,brussel_sprouts,10,"[""brussel_sprouts"", ""asparagus"", ""mint"", ""dill"", ""potato""]"
offline_training,offline_training/brussel_sprouts/brussel_sprouts.fc024431550a.csv,/Users/jeremykalfus/.cache/huggingface/hub/datasets--DeweiFeng--smell-net/blobs/fa66e0c69918940165c903f55976018e3a168c19,brussel_sprouts,brussel_sprouts,10,"[""brussel_sprouts"", ""mint"", ""kiwi"", ""asparagus"", ""turnip""]"
offline_training,offline_training/cabbage/cabbage.0020c5b9b119.csv,/Users/jeremykalfus/.cache/huggingface/hub/datasets--DeweiFeng--smell-net/blobs/f2a9ddae00fe622c8a57159aec9ceabee2e007eb,cabbage,cabbage,10,"[""cabbage"", ""tomato"", ""avocado"", ""cauliflower"", ""turnip""]"
offline_training,offline_training/cabbage/cabbage.4862461c9ee4.csv,/Users/jeremykalfus/.cache/huggingface/hub/datasets--DeweiFeng--smell-net/blobs/897e0cf9a312962504987d03f1be4b0f3c4630ea,cabbage,cauliflower,10,"[""cauliflower"", ""cabbage"", ""turnip"", ""kiwi"", ""avocado""]"
offline_training,offline_training/cabbage/cabbage.664bef8bf4a3.csv,/Users/jeremykalfus/.cache/huggingface/hub/datasets--DeweiFeng--smell-net/blobs/db4081f4ea2c5383c286e20157a58ab01ea2dd1b,cabbage,cabbage,10,"[""cabbage"", ""cauliflower"", ""avocado"", ""turnip"", ""tomato""]"
offline_training,offline_training/cabbage/cabbage.aee769f81c7f.csv,/Users/jeremykalfus/.cache/huggingface/hub/datasets--DeweiFeng--smell-net/blobs/79606f1233d76da45e39e4d1ac95a83594ee1a62,cabbage,cauliflower,10,"[""cauliflower"", ""cabbage"", ""turnip"", ""avocado"", ""kiwi""]"
offline_training,offline_training/cabbage/cabbage.dd96c0a38fe1.csv,/Users/jeremykalfus/.cache/huggingface/hub/datasets--DeweiFeng--smell-net/blobs/718471c889c8baefee5efcc14a44fc2addb00283,cabbage,cabbage,10,"[""cabbage"", ""avocado"", ""cauliflower"", ""kiwi"", ""mint""]"
offline_training,offline_training/cashew/cashew.10c9f09db697.csv,/Users/jeremykalfus/.cache/huggingface/hub/datasets--DeweiFeng--smell-net/blobs/667c1f20d438a93f337edc8d045c00a731993141,cashew,cashew,11,"[""cashew"", ""peanuts"", ""walnuts"", ""mustard"", ""garlic""]"
offline_training,offline_training/cashew/cashew.6cfb644ae152.csv,/Users/jeremykalfus/.cache/huggingface/hub/datasets--DeweiFeng--smell-net/blobs/c42660b25f05656e60dfa925cded7dbf3a1050cb,cashew,cashew,14,"[""cashew"", ""walnuts"", ""peanuts"", ""chamomile"", ""brussel_sprouts""]"
offline_training,offline_training/cashew/cashew.b89af08e4797.csv,/Users/jeremykalfus/.cache/huggingface/hub/datasets--DeweiFeng--smell-net/blobs/d024c7ef6b328b6dc18d29f58d62f29784f498dd,cashew,cashew,10,"[""cashew"", ""walnuts"", ""peanuts"", ""pecans"", ""chestnuts""]"
offline_training,offline_training/cashew/cashew.dde1e7b9e93c.csv,/Users/jeremykalfus/.cache/huggingface/hub/datasets--DeweiFeng--smell-net/blobs/dbbe16a60ff9ecb09f3cee4da89f83e961e190ba,cashew,cashew,11,"[""cashew"", ""walnuts"", ""peanuts"", ""dill"", ""cabbage""]"
offline_training,offline_training/cashew/cashew.e36153a10136.csv,/Users/jeremykalfus/.cache/huggingface/hub/datasets--DeweiFeng--smell-net/blobs/9476ef755b24402e10765d61e56e140ff0bc030b,cashew,walnuts,10,"[""walnuts"", ""peanuts"", ""cashew"", ""pili_nut"", ""brazil_nut""]"
offline_training,offline_training/cauliflower/cauliflower.0490d1fe352d.csv,/Users/jeremykalfus/.cache/huggingface/hub/datasets--DeweiFeng--smell-net/blobs/eadde275f4633a383bf7f6c9085c6c36ac3d5dc6,cauliflower,cauliflower,10,"[""cauliflower"", ""cabbage"", ""avocado"", ""kiwi"", ""garlic""]"
offline_training,offline_training/cauliflower/cauliflower.48f2d103e0aa.csv,/Users/jeremykalfus/.cache/huggingface/hub/datasets--DeweiFeng--smell-net/blobs/57db29b269aa29893de1e8454d7439a49b4b8bc5,cauliflower,kiwi,10,"[""kiwi"", ""cauliflower"", ""cabbage"", ""avocado"", ""potato""]"
offline_training,offline_training/cauliflower/cauliflower.9f0d402a91c7.csv,/Users/jeremykalfus/.cache/huggingface/hub/datasets--DeweiFeng--smell-net/blobs/1236400bbccafad9e5aaafc24c7b2512faad5342,cauliflower,cabbage,10,"[""cabbage"", ""kiwi"", ""cauliflower"", ""mint"", ""avocado""]"
offline_training,offline_training/cauliflower/cauliflower.d9515a0e0fe6.csv,/Users/jeremykalfus/.cache/huggingface/hub/datasets--DeweiFeng--smell-net/blobs/5c1effa4881ccaa162690fda11d88e68dcb89aea,cauliflower,cabbage,10,"[""cabbage"", ""avocado"", ""turnip"", ""cauliflower"", ""almond""]"
offline_training,offline_training/cauliflower/cauliflower.fcb9a5b762e2.csv,/Users/jeremykalfus/.cache/huggingface/hub/datasets--DeweiFeng--smell-net/blobs/250c9770381dc5e1f5b058c30d36f508c83fbc6c,cauliflower,cabbage,11,"[""cabbage"", ""avocado"", ""tomato"", ""cauliflower"", ""mint""]"
offline_training,offline_training/chamomile/chamomile.100ee489c71b.csv,/Users/jeremykalfus/.cache/huggingface/hub/datasets--DeweiFeng--smell-net/blobs/955e8ed1cc03b671f03b063a72e7292fbdb3c3ac,chamomile,peanuts,10,"[""peanuts"", ""chamomile"", ""mustard"", ""chervil"", ""walnuts""]"
offline_training,offline_training/chamomile/chamomile.556b121c5195.csv,/Users/jeremykalfus/.cache/huggingface/hub/datasets--DeweiFeng--smell-net/blobs/11851ddcd659d69629e6656fe52bcc291f2d457f,chamomile,chamomile,10,"[""chamomile"", ""walnuts"", ""peanuts"", ""brazil_nut"", ""garlic""]"
offline_training,offline_training/chamomile/chamomile.5b86c739ae25.csv,/Users/jeremykalfus/.cache/huggingface/hub/datasets--DeweiFeng--smell-net/blobs/614585d1028abf1c35f9002b0e77a33f90b3c6ff,chamomile,walnuts,10,"[""walnuts"", ""chamomile"", ""brazil_nut"", ""peanuts"", ""pecans""]"
offline_training,offline_training/chamomile/chamomile.711922279ad2.csv,/Users/jeremykalfus/.cache/huggingface/hub/datasets--DeweiFeng--smell-net/blobs/72820d6f3e31249c71f2dca46b4b30d5b7c8322c,chamomile,almond,13,"[""almond"", ""walnuts"", ""mint"", ""mustard"", ""ginger""]"
offline_training,offline_training/chamomile/chamomile.750094383bdf.csv,/Users/jeremykalfus/.cache/huggingface/hub/datasets--DeweiFeng--smell-net/blobs/fabf5b4babc2ec4719c55479bb179af42efa2896,chamomile,mustard,10,"[""mustard"", ""walnuts"", ""chamomile"", ""angelica"", ""cinnamon""]"
offline_training,offline_training/chervil/chervil.84d81bf74087.csv,/Users/jeremykalfus/.cache/huggingface/hub/datasets--DeweiFeng--smell-net/blobs/c7efc36f14dc418cdf518aacba81d17a9adb10c2,chervil,chervil,10,"[""chervil"", ""pecans"", ""hazelnut"", ""brazil_nut"", ""pili_nut""]"
offline_training,offline_training/chervil/chervil.a704ac2f32fb.csv,/Users/jeremykalfus/.cache/huggingface/hub/datasets--DeweiFeng--smell-net/blobs/1871f1469a0f5a81cd3cbe514714c573aedf8023,chervil,chervil,12,"[""chervil"", ""brazil_nut"", ""pecans"", ""hazelnut"", ""pili_nut""]"
offline_training,offline_training/chervil/chervil.a7efcd8677d5.csv,/Users/jeremykalfus/.cache/huggingface/hub/datasets--DeweiFeng--smell-net/blobs/ddd018396ba7d348d192fd3cd263d81825e83b85,chervil,cauliflower,10,"[""cauliflower"", ""pili_nut"", ""chervil"", ""pecans"", ""potato""]"
offline_training,offline_training/chervil/chervil.d1094742854e.csv,/Users/jeremykalfus/.cache/huggingface/hub/datasets--DeweiFeng--smell-net/blobs/87be1653df44bb16d63ffacd0a9efa4f3938cc31,chervil,chervil,10,"[""chervil"", ""hazelnut"", ""pecans"", ""brazil_nut"", ""chamomile""]"
offline_training,offline_training/chervil/chervil.f962cec6ff62.csv,/Users/jeremykalfus/.cache/huggingface/hub/datasets--DeweiFeng--smell-net/blobs/61ef2e925cfd77fd62bd796128a2fa04a371ed80,chervil,chervil,10,"[""chervil"", ""pili_nut"", ""pecans"", ""hazelnut"", ""angelica""]"
offline_training,offline_training/chestnuts/chestnuts.00c02a5a2007.csv,/Users/jeremykalfus/.cache/huggingface/hub/datasets--DeweiFeng--smell-net/blobs/498344d198b09d250cd424e96094c45ab0f289db,chestnuts,chestnuts,12,"[""chestnuts"", ""pecans"", ""cashew"", ""brussel_sprouts"", ""dill""]"
offline_training,offline_training/chestnuts/chestnuts.1bbc56387cc4.csv,/Users/jeremykalfus/.cache/huggingface/hub/datasets--DeweiFeng--smell-net/blobs/29024d5f84efb4e86669722e31ba2fd933485b09,chestnuts,chestnuts,11,"[""chestnuts"", ""broccoli"", ""pecans"", ""brussel_sprouts"", ""avocado""]"
offline_training,offline_training/chestnuts/chestnuts.56881bfa9f3c.csv,/Users/jeremykalfus/.cache/huggingface/hub/datasets--DeweiFeng--smell-net/blobs/8b9e5c9f43bcc6171f7b5039c297dfd9e810de54,chestnuts,chestnuts,10,"[""chestnuts"", ""banana"", ""mint"", ""potato"", ""avocado""]"
offline_training,offline_training/chestnuts/chestnuts.c1cad7cce0dd.csv,/Users/jeremykalfus/.cache/huggingface/hub/datasets--DeweiFeng--smell-net/blobs/191549b4c6aaf37574c42b0e85267d6d8673dc2f,chestnuts,chestnuts,10,"[""chestnuts"", ""tomato"", ""chives"", ""brussel_sprouts"", ""potato""]"
offline_training,offline_training/chestnuts/chestnuts.c2e52cf17f5d.csv,/Users/jeremykalfus/.cache/huggingface/hub/datasets--DeweiFeng--smell-net/blobs/116ec812e61e2fe801f85bafbe1270a09b7c32e3,chestnuts,chestnuts,10,"[""chestnuts"", ""chives"", ""pecans"", ""sweet_potato"", ""brussel_sprouts""]"
offline_training,offline_training/chives/chives.015105ad0aa8.csv,/Users/jeremykalfus/.cache/huggingface/hub/datasets--DeweiFeng--smell-net/blobs/245df8f4295df106ba27b07538a876bb6b3bbb5f,chives,chives,10,"[""chives"", ""brussel_sprouts"", ""asparagus"", ""dill"", ""banana""]"
offline_training,offline_training/chives/chives.2ba04065e7bb.csv,/Users/jeremykalfus/.cache/huggingface/hub/datasets--DeweiFeng--smell-net/blobs/d4ded9718b2b7d3a1b55847565dc2fdfbd1266c2,chives,chives,10,"[""chives"", ""garlic"", ""banana"", ""coriander"", ""asparagus""]"
offline_training,offline_training/chives/chives.4d89c496f1ce.csv,/Users/jeremykalfus/.cache/huggingface/hub/datasets--DeweiFeng--smell-net/blobs/3b9b9048b9b9c477764b7583816116d5d02094a4,chives,chives,10,"[""chives"", ""asparagus"", ""chestnuts"", ""turnip"", ""coriander""]"
offline_training,offline_training/chives/chives.7001d3a47798.csv,/Users/jeremykalfus/.cache/huggingface/hub/datasets--DeweiFeng--smell-net/blobs/4220bbc86bdebe286e664516db41c52ef3fca092,chives,chives,10,"[""chives"", ""banana"", ""asparagus"", ""cabbage"", ""garlic""]"
offline_training,offline_training/chives/chives.d03788473ba3.csv,/Users/jeremykalfus/.cache/huggingface/hub/datasets--DeweiFeng--smell-net/blobs/cd6953c7ab21695f414d808a7d30c57c8ca46c9d,chives,chives,10,"[""chives"", ""banana"", ""turnip"", ""cauliflower"", ""potato""]"
offline_training,offline_training/cinnamon/cinnamon.34cc128b7b9d.csv,/Users/jeremykalfus/.cache/huggingface/hub/datasets--DeweiFeng--smell-net/blobs/d2186cc15fec48150e1a18860dbb40117553a15f,cinnamon,cinnamon,9,"[""cinnamon"", ""allspice"", ""coriander"", ""almond"", ""ginger""]"
offline_training,offline_training/cinnamon/cinnamon.4a4e69e54a5a.csv,/Users/jeremykalfus/.cache/huggingface/hub/datasets--DeweiFeng--smell-net/blobs/a1f93b1b6f4761aa99692352b13b0bd4ddd0f23f,cinnamon,cinnamon,9,"[""cinnamon"", ""allspice"", ""coriander"", ""chives"", ""almond""]"
offline_training,offline_training/cinnamon/cinnamon.9eb1c03eedfb.csv,/Users/jeremykalfus/.cache/huggingface/hub/datasets--DeweiFeng--smell-net/blobs/950f6905d2c2f6365fac667f1dd58f4d3090c7b9,cinnamon,cinnamon,9,"[""cinnamon"", ""allspice"", ""garlic"", ""star_anise"", ""tomato""]"
offline_training,offline_training/cinnamon/cinnamon.bcb379fc3860.csv,/Users/jeremykalfus/.cache/huggingface/hub/datasets--DeweiFeng--smell-net/blobs/95b22868784d349966aeb245ec7f9f7cfb5ae6e8,cinnamon,cinnamon,10,"[""cinnamon"", ""allspice"", ""mugwort"", ""saffron"", ""radish""]"
offline_training,offline_training/cinnamon/cinnamon.f3f14e8d351d.csv,/Users/jeremykalfus/.cache/huggingface/hub/datasets--DeweiFeng--smell-net/blobs/87c1f33c7a600779ff41f7403b21fa98fda6a1f0,cinnamon,cinnamon,10,"[""cinnamon"", ""coriander"", ""allspice"", ""angelica"", ""broccoli""]"
offline_training,offline_training/cloves/cloves.12171161b5c1.csv,/Users/jeremykalfus/.cache/huggingface/hub/datasets--DeweiFeng--smell-net/blobs/db0288a074512ed3822f6fa9a5311e3b9e85a0dc,cloves,cloves,10,"[""cloves"", ""allspice"", ""coriander"", ""chestnuts"", ""banana""]"
offline_training,offline_training/cloves/cloves.2b8745bc125c.csv,/Users/jeremykalfus/.cache/huggingface/hub/datasets--DeweiFeng--smell-net/blobs/6dd66518d37a9029b490c48944f391950fe57899,cloves,cloves,11,"[""cloves"", ""pecans"", ""pear"", ""chervil"", ""walnuts""]"
offline_training,offline_training/cloves/cloves.56f1fb21c7a1.csv,/Users/jeremykalfus/.cache/huggingface/hub/datasets--DeweiFeng--smell-net/blobs/1486c8bbaf3b3f16f42a3d386b530c6ac7f352a2,cloves,cloves,10,"[""cloves"", ""tomato"", ""mugwort"", ""cashew"", ""cauliflower""]"
offline_training,offline_training/cloves/cloves.59a73856cff3.csv,/Users/jeremykalfus/.cache/huggingface/hub/datasets--DeweiFeng--smell-net/blobs/2c6d3dcfcc280cdb5d8c701ef2a615f0d3e1de6e,cloves,cloves,10,"[""cloves"", ""cabbage"", ""chervil"", ""angelica"", ""oregano""]"
offline_training,offline_training/cloves/cloves.eb40de4e034a.csv,/Users/jeremykalfus/.cache/huggingface/hub/datasets--DeweiFeng--smell-net/blobs/ad04d7e10eefd154cb2333fdb39dd9c5db0169fd,cloves,cloves,10,"[""cloves"", ""broccoli"", ""oregano"", ""sweet_potato"", ""almond""]"
offline_training,offline_training/coriander/coriander.07d40d602079.csv,/Users/jeremykalfus/.cache/huggingface/hub/datasets--DeweiFeng--smell-net/blobs/d465f07f980bf030676bae72222fd8449160681c,coriander,coriander,10,"[""coriander"", ""nutmeg"", ""ginger"", ""allspice"", ""dill""]"
offline_training,offline_training/coriander/coriander.55bb34b230b2.csv,/Users/jeremykalfus/.cache/huggingface/hub/datasets--DeweiFeng--smell-net/blobs/8195558ebda57394b3248bec6ede44032b77e016,coriander,coriander,10,"[""coriander"", ""dill"", ""ginger"", ""cinnamon"", ""allspice""]"
offline_training,offline_training/coriander/coriander.73987fc97036.csv,/Users/jeremykalfus/.cache/huggingface/hub/datasets--DeweiFeng--smell-net/blobs/77ca765eefd69bb5fc9ef54315bfe6361b7b84cc,coriander,coriander,10,"[""coriander"", ""mint"", ""chamomile"", ""banana"", ""angelica""]"
offline_training,offline_training/coriander/coriander.790642c7e871.csv,/Users/jeremykalfus/.cache/huggingface/hub/datasets--DeweiFeng--smell-net/blobs/936beab258934dff1adc7c06e73025926a0b4044,coriander,coriander,10,"[""coriander"", ""dill"", ""allspice"", ""garlic"", ""almond""]"
offline_training,offline_training/coriander/coriander.af14b9f4eb52.csv,/Users/jeremykalfus/.cache/huggingface/hub/datasets--DeweiFeng--smell-net/blobs/42a62f33bbff6c9ffc81a0c86a3bae19c2ac0e24,coriander,coriander,10,"[""coriander"", ""ginger"", ""cinnamon"", ""mint"", ""dill""]"
offline_training,offline_training/cumin/cumin.08fc214f45fb.csv,/Users/jeremykalfus/.cache/huggingface/hub/datasets--DeweiFeng--smell-net/blobs/9dd9e0af7a63f9665865259464253a57dca2ce37,cumin,cumin,10,"[""cumin"", ""lemon"", ""nutmeg"", ""allspice"", ""kiwi""]"
offline_training,offline_training/cumin/cumin.1a75cd44eb13.csv,/Users/jeremykalfus/.cache/huggingface/hub/datasets--DeweiFeng--smell-net/blobs/03a77380d97b6cdacd6ad275e1e59baf1e03d9cf,cumin,cumin,10,"[""cumin"", ""lemon"", ""allspice"", ""nutmeg"", ""oregano""]"
offline_training,offline_training/cumin/cumin.2582bdbd4421.csv,/Users/jeremykalfus/.cache/huggingface/hub/datasets--DeweiFeng--smell-net/blobs/c593176c9ebbff10524c6f2037fc0f67667d0ac7,cumin,cumin,10,"[""cumin"", ""allspice"", ""brazil_nut"", ""lemon"", ""pecans""]"
offline_training,offline_training/cumin/cumin.cd93d4c953c1.csv,/Users/jeremykalfus/.cache/huggingface/hub/datasets--DeweiFeng--smell-net/blobs/3a315d3fc578a2eee14bc7f63f4d5250a298bcc4,cumin,cumin,12,"[""cumin"", ""allspice"", ""lemon"", ""nutmeg"", ""chives""]"
offline_training,offline_training/cumin/cumin.e14fb38467d3.csv,/Users/jeremykalfus/.cache/huggingface/hub/datasets--DeweiFeng--smell-net/blobs/285438fceaab39667f90a78014048d04d2fabe07,cumin,cumin,10,"[""cumin"", ""cloves"", ""nutmeg"", ""pecans"", ""chives""]"
offline_training,offline_training/dill/dill.0a2c5290b65a.csv,/Users/jeremykalfus/.cache/huggingface/hub/datasets--DeweiFeng--smell-net/blobs/be7362bbbb2ae6e7e1071c4f7c29dcf53a48a09b,dill,dill,9,"[""dill"", ""brussel_sprouts"", ""ginger"", ""coriander"", ""lemon""]"
offline_training,offline_training/dill/dill.51cb848588a6.csv,/Users/jeremykalfus/.cache/huggingface/hub/datasets--DeweiFeng--smell-net/blobs/a9b87ea4bc1a150674ee86cd3e6a0b336632b3bb,dill,dill,9,"[""dill"", ""cashew"", ""brussel_sprouts"", ""cumin"", ""peanuts""]"
offline_training,offline_training/dill/dill.71dd63890dcc.csv,/Users/jeremykalfus/.cache/huggingface/hub/datasets--DeweiFeng--smell-net/blobs/05c7df487debe9ccbb5ac8f730e994d54a540247,dill,coriander,11,"[""coriander"", ""nutmeg"", ""cumin"", ""ginger"", ""dill""]"
offline_training,offline_training/dill/dill.81e0b27ce3a8.csv,/Users/jeremykalfus/.cache/huggingface/hub/datasets--DeweiFeng--smell-net/blobs/8ea66391ea75d56320c85d82d6db69a8eeca69e1,dill,dill,10,"[""dill"", ""tomato"", ""nutmeg"", ""oregano"", ""ginger""]"
offline_training,offline_training/dill/dill.d4659a001ba9.csv,/Users/jeremykalfus/.cache/huggingface/hub/datasets--DeweiFeng--smell-net/blobs/ecda875ea37c9e0d5eb3c8bc05ecf0b7807097b1,dill,dill,10,"[""dill"", ""cashew"", ""brussel_sprouts"", ""chestnuts"", ""coriander""]"
offline_training,offline_training/garlic/garlic.13df3e51ddc8.csv,/Users/jeremykalfus/.cache/huggingface/hub/datasets--DeweiFeng--smell-net/blobs/bc543adc6306e45f90d000dd8be3cdfd9dc35a7c,garlic,cinnamon,10,"[""cinnamon"", ""chives"", ""brazil_nut"", ""potato"", ""allspice""]"
offline_training,offline_training/garlic/garlic.165cb0df4bc0.csv,/Users/jeremykalfus/.cache/huggingface/hub/datasets--DeweiFeng--smell-net/blobs/958de9dd1e0ecfe33baadacb0f1a9f182d388b5d,garlic,garlic,10,"[""garlic"", ""kiwi"", ""mint"", ""chamomile"", ""mustard""]"
offline_training,offline_training/garlic/garlic.25c3fa6f912b.csv,/Users/jeremykalfus/.cache/huggingface/hub/datasets--DeweiFeng--smell-net/blobs/0477888682ef4a5384900941e401a3f2bc8e71ee,garlic,mint,10,"[""mint"", ""banana"", ""coriander"", ""garlic"", ""walnuts""]"
offline_training,offline_training/garlic/garlic.cc9e876c325a.csv,/Users/jeremykalfus/.cache/huggingface/hub/datasets--DeweiFeng--smell-net/blobs/59c61c3da555c49aaa92e1a39b30b09297251e7f,garlic,garlic,10,"[""garlic"", ""chives"", ""kiwi"", ""ginger"", ""mandarin_orange""]"
offline_training,offline_training/garlic/garlic.d7ef530281d7.csv,/Users/jeremykalfus/.cache/huggingface/hub/datasets--DeweiFeng--smell-net/blobs/82fa1bc56e516c7be1aaedac1e52fff0bd2c0934,garlic,garlic,10,"[""garlic"", ""brussel_sprouts"", ""kiwi"", ""mustard"", ""chamomile""]"
offline_training,offline_training/ginger/ginger.0c9a145b78ee.csv,/Users/jeremykalfus/.cache/huggingface/hub/datasets--DeweiFeng--smell-net/blobs/57e31861e8c4c17c60e42b67555e37868c26d9b6,ginger,ginger,10,"[""ginger"", ""almond"", ""chamomile"", ""brussel_sprouts"", ""garlic""]"
offline_training,offline_training/ginger/ginger.36e0c39f52f8.csv,/Users/jeremykalfus/.cache/huggingface/hub/datasets--DeweiFeng--smell-net/blobs/e6f646517ca55b9bf0646c5cbd9819a960d5e2cd,ginger,ginger,10,"[""ginger"", ""garlic"", ""coriander"", ""brussel_sprouts"", ""almond""]"
offline_training,offline_training/ginger/ginger.3cc10d612104.csv,/Users/jeremykalfus/.cache/huggingface/hub/datasets--DeweiFeng--smell-net/blobs/0f61e53e4e8db65e955813563053cb229180f37d,ginger,ginger,9,"[""ginger"", ""coriander"", ""saffron"", ""chives"", ""angelica""]"
offline_training,offline_training/ginger/ginger.709b833bda37.csv,/Users/jeremykalfus/.cache/huggingface/hub/datasets--DeweiFeng--smell-net/blobs/a82d79023bd5035341f52051cc4b39e292f3e282,ginger,ginger,10,"[""ginger"", ""potato"", ""coriander"", ""cloves"", ""cinnamon""]"
offline_training,offline_training/ginger/ginger.b4c1bf67cf9e.csv,/Users/jeremykalfus/.cache/huggingface/hub/datasets--DeweiFeng--smell-net/blobs/a2b16de55d9a2e62866f6498826e1603c5f484fc,ginger,angelica,11,"[""angelica"", ""ginger"", ""dill"", ""coriander"", ""garlic""]"
offline_training,offline_training/hazelnut/hazelnut.2d8e4f0971a0.csv,/Users/jeremykalfus/.cache/huggingface/hub/datasets--DeweiFeng--smell-net/blobs/4238a928b9700f878a3d444a31cb18c3e7d6499f,hazelnut,hazelnut,11,"[""hazelnut"", ""brazil_nut"", ""peanuts"", ""kiwi"", ""mustard""]"
offline_training,offline_training/hazelnut/hazelnut.93355994d369.csv,/Users/jeremykalfus/.cache/huggingface/hub/datasets--DeweiFeng--smell-net/blobs/3144abdacb5c4fde463baca5fb0dd88b9fbfe70c,hazelnut,hazelnut,10,"[""hazelnut"", ""brazil_nut"", ""pili_nut"", ""peanuts"", ""chervil""]"
offline_training,offline_training/hazelnut/hazelnut.ab36c15cf110.csv,/Users/jeremykalfus/.cache/huggingface/hub/datasets--DeweiFeng--smell-net/blobs/ea6a7d6c3f2cb121885d74352cef2caaf42e67f9,hazelnut,hazelnut,10,"[""hazelnut"", ""brazil_nut"", ""pecans"", ""peanuts"", ""walnuts""]"
offline_training,offline_training/hazelnut/hazelnut.d80aebbf7849.csv,/Users/jeremykalfus/.cache/huggingface/hub/datasets--DeweiFeng--smell-net/blobs/5261c761257909b8c7716d6cd3ca017d82a98415,hazelnut,brazil_nut,10,"[""brazil_nut"", ""hazelnut"", ""walnuts"", ""cashew"", ""peanuts""]"
offline_training,offline_training/hazelnut/hazelnut.fe355ee76231.csv,/Users/jeremykalfus/.cache/huggingface/hub/datasets--DeweiFeng--smell-net/blobs/23fab4c79ac655f08df480fef341db675cdecf53,hazelnut,hazelnut,10,"[""hazelnut"", ""brazil_nut"", ""peanuts"", ""walnuts"", ""cinnamon""]"
offline_training,offline_training/kiwi/kiwi.571814655496.csv,/Users/jeremykalfus/.cache/huggingface/hub/datasets--DeweiFeng--smell-net/blobs/35c0b09109411ec9f8e309cb8762f17eb172a6f7,kiwi,kiwi,10,"[""kiwi"", ""garlic"", ""mustard"", ""peanuts"", ""mint""]"
offline_training,offline_training/kiwi/kiwi.62e16fd2d060.csv,/Users/jeremykalfus/.cache/huggingface/hub/datasets--DeweiFeng--smell-net/blobs/6e8ad26e48f76748fac16ae215178cf88f463e99,kiwi,kiwi,10,"[""kiwi"", ""turnip"", ""cabbage"", ""cauliflower"", ""avocado""]"
offline_training,offline_training/kiwi/kiwi.789f7c20443d.csv,/Users/jeremykalfus/.cache/huggingface/hub/datasets--DeweiFeng--smell-net/blobs/e22e2778d5e2e2b9f19614ba41f6cecc7ee7d81b,kiwi,kiwi,10,"[""kiwi"", ""cabbage"", ""peanuts"", ""pili_nut"", ""banana""]"
offline_training,offline_training/kiwi/kiwi.7f127824bc76.csv,/Users/jeremykalfus/.cache/huggingface/hub/datasets--DeweiFeng--smell-net/blobs/af86d83ac473e9015c630ea66ea1cfabe87e0f16,kiwi,kiwi,10,"[""kiwi"", ""mustard"", ""peanuts"", ""cauliflower"", ""mint""]"
offline_training,offline_training/kiwi/kiwi.8138c346d1eb.csv,/Users/jeremykalfus/.cache/huggingface/hub/datasets--DeweiFeng--smell-net/blobs/bcd29f8d2a619c6e3088246cea610b66908d22b6,kiwi,kiwi,10,"[""kiwi"", ""cauliflower"", ""turnip"", ""cabbage"", ""peanuts""]"
offline_training,offline_training/lemon/lemon.1172ecbdd5b5.csv,/Users/jeremykalfus/.cache/huggingface/hub/datasets--DeweiFeng--smell-net/blobs/80086accd26d038b8f92071a479c989d3f5342bf,lemon,lemon,10,"[""lemon"", ""angelica"", ""allspice"", ""cinnamon"", ""star_anise""]"
offline_training,offline_training/lemon/lemon.6c69337909f2.csv,/Users/jeremykalfus/.cache/huggingface/hub/datasets--DeweiFeng--smell-net/blobs/4d28cad8a8d1ecec828dadef7f5b4ca70ae03e92,lemon,lemon,11,"[""lemon"", ""garlic"", ""angelica"", ""apple"", ""cashew""]"
offline_training,offline_training/lemon/lemon.9f23cc7bb34c.csv,/Users/jeremykalfus/.cache/huggingface/hub/datasets--DeweiFeng--smell-net/blobs/17b65a2b8fd2367963df9f34413eedf2a1dad3dc,lemon,lemon,10,"[""lemon"", ""allspice"", ""dill"", ""star_anise"", ""angelica""]"
offline_training,offline_training/lemon/lemon.e7d4d3e201e0.csv,/Users/jeremykalfus/.cache/huggingface/hub/datasets--DeweiFeng--smell-net/blobs/a5d64f1f7de3b31ac7c418b1b297f6f7cf6b1288,lemon,lemon,9,"[""lemon"", ""star_anise"", ""dill"", ""kiwi"", ""radish""]"
offline_training,offline_training/lemon/lemon.f1ef31bb2fe2.csv,/Users/jeremykalfus/.cache/huggingface/hub/datasets--DeweiFeng--smell-net/blobs/bda83a3cebbcbb08a0cf74b2a1531851775bbd59,lemon,lemon,12,"[""lemon"", ""nutmeg"", ""cumin"", ""dill"", ""allspice""]"
offline_training,offline_training/mandarin_orange/mandarin_orange.05b4c2b573f2.csv,/Users/jeremykalfus/.cache/huggingface/hub/datasets--DeweiFeng--smell-net/blobs/ad46d67aead5e8248bfdc9c03efe9e64d72e87a4,mandarin_orange,mandarin_orange,10,"[""mandarin_orange"", ""asparagus"", ""cauliflower"", ""tomato"", ""ginger""]"
offline_training,offline_training/mandarin_orange/mandarin_orange.99285d3cd80c.csv,/Users/jeremykalfus/.cache/huggingface/hub/datasets--DeweiFeng--smell-net/blobs/eac971fa247e16b6a6bf060b15dc63cf81c66547,mandarin_orange,mandarin_orange,11,"[""mandarin_orange"", ""asparagus"", ""dill"", ""ginger"", ""cinnamon""]"
offline_training,offline_training/mandarin_orange/mandarin_orange.9c7b0bface2b.csv,/Users/jeremykalfus/.cache/huggingface/hub/datasets--DeweiFeng--smell-net/blobs/138a8e7baa8e5849c6dfd4269942d492b21bce1d,mandarin_orange,mandarin_orange,11,"[""mandarin_orange"", ""kiwi"", ""asparagus"", ""turnip"", ""cabbage""]"
offline_training,offline_training/mandarin_orange/mandarin_orange.c1f6a8039fb9.csv,/Users/jeremykalfus/.cache/huggingface/hub/datasets--DeweiFeng--smell-net/blobs/eccc49376eaa3aabf4ef402a59f39397b3bacdd1,mandarin_orange,mandarin_orange,11,"[""mandarin_orange"", ""avocado"", ""potato"", ""turnip"", ""asparagus""]"
offline_training,offline_training/mandarin_orange/mandarin_orange.fe36ff885133.csv,/Users/jeremykalfus/.cache/huggingface/hub/datasets--DeweiFeng--smell-net/blobs/bb5109df1cdf989cb863cde1d056cd7e624dc9fd,mandarin_orange,mandarin_orange,10,"[""mandarin_orange"", ""turnip"", ""tomato"", ""almond"", ""mint""]"
offline_training,offline_training/mango/mango.51b81efd43ce.csv,/Users/jeremykalfus/.cache/huggingface/hub/datasets--DeweiFeng--smell-net/blobs/ab6eaf1986b34ce815a47cb625f7b7cdf8b5bb8d,mango,mango,10,"[""mango"", ""strawberry"", ""pistachios"", ""radish"", ""pear""]"
offline_training,offline_training/mango/mango.838afe010120.csv,/Users/jeremykalfus/.cache/huggingface/hub/datasets--DeweiFeng--smell-net/blobs/9a67ee2b439c0ac85f0bb456e590bd19329aecfc,mango,mango,11,"[""mango"", ""strawberry"", ""radish"", ""pistachios"", ""apple""]"
offline_training,offline_training/mango/mango.8b9e4f41b08d.csv,/Users/jeremykalfus/.cache/huggingface/hub/datasets--DeweiFeng--smell-net/blobs/99a9917fad29d4f2cfc31e90c11e887bdec8f842,mango,apple,10,"[""apple"", ""mango"", ""pear"", ""pistachios"", ""strawberry""]"
offline_training,offline_training/mango/mango.af6edffd9e2b.csv,/Users/jeremykalfus/.cache/huggingface/hub/datasets--DeweiFeng--smell-net/blobs/7e218dcf1c6064720d36cbc689fe5d766d6cac86,mango,mango,10,"[""mango"", ""apple"", ""radish"", ""pear"", ""strawberry""]"
offline_training,offline_training/mango/mango.baf3b0acfa1b.csv,/Users/jeremykalfus/.cache/huggingface/hub/datasets--DeweiFeng--smell-net/blobs/6324e10e940ddb3bea718401e3d3a5068750d0db,mango,mango,10,"[""mango"", ""apple"", ""angelica"", ""pear"", ""walnuts""]"
offline_training,offline_training/mint/mint.11b217bffc1f.csv,/Users/jeremykalfus/.cache/huggingface/hub/datasets--DeweiFeng--smell-net/blobs/efdc92b30c957b36886d132b060dfad7eaf005dc,mint,brussel_sprouts,9,"[""brussel_sprouts"", ""mint"", ""chives"", ""garlic"", ""cabbage""]"
offline_training,offline_training/mint/mint.1a6044f2d07e.csv,/Users/jeremykalfus/.cache/huggingface/hub/datasets--DeweiFeng--smell-net/blobs/6739e5bbc6020439bc17ee914c54c22e97ee8de3,mint,mint,9,"[""mint"", ""cabbage"", ""brazil_nut"", ""strawberry"", ""chamomile""]"
offline_training,offline_training/mint/mint.7e84c6984489.csv,/Users/jeremykalfus/.cache/huggingface/hub/datasets--DeweiFeng--smell-net/blobs/da2845c5faa45fa5be034232d1b89238a5f0f596,mint,mint,10,"[""mint"", ""brussel_sprouts"", ""potato"", ""garlic"", ""banana""]"
offline_training,offline_training/mint/mint.e59087dc5861.csv,/Users/jeremykalfus/.cache/huggingface/hub/datasets--DeweiFeng--smell-net/blobs/8667a6221c1d72ac9b78dd666c2dc3b08e0b9400,mint,mint,9,"[""mint"", ""coriander"", ""asparagus"", ""cinnamon"", ""chives""]"
offline_training,offline_training/mint/mint.ee66497617d0.csv,/Users/jeremykalfus/.cache/huggingface/hub/datasets--DeweiFeng--smell-net/blobs/7f9f4b78b464480a6e6c989ff4dfce1ca045951b,mint,mint,10,"[""mint"", ""garlic"", ""cauliflower"", ""kiwi"", ""mustard""]"
offline_training,offline_training/mugwort/mugwort.8489cd7111f3.csv,/Users/jeremykalfus/.cache/huggingface/hub/datasets--DeweiFeng--smell-net/blobs/86076b9d3f0055f5c71b5e791ad2dec6a2c3ce6d,mugwort,mugwort,9,"[""mugwort"", ""oregano"", ""cloves"", ""coriander"", ""angelica""]"
offline_training,offline_training/mugwort/mugwort.8a428c31b384.csv,/Users/jeremykalfus/.cache/huggingface/hub/datasets--DeweiFeng--smell-net/blobs/2ac1f16923af101e22354ea05c64e7eccf0bc6da,mugwort,mugwort,10,"[""mugwort"", ""brazil_nut"", ""saffron"", ""kiwi"", ""potato""]"
offline_training,offline_training/mugwort/mugwort.be23691c0a71.csv,/Users/jeremykalfus/.cache/huggingface/hub/datasets--DeweiFeng--smell-net/blobs/eab7cccc6276b0bb9caf042c60ab4ba7123bf13e,mugwort,mugwort,10,"[""mugwort"", ""star_anise"", ""oregano"", ""walnuts"", ""pili_nut""]"
offline_training,offline_training/mugwort/mugwort.eedd139c00b2.csv,/Users/jeremykalfus/.cache/huggingface/hub/datasets--DeweiFeng--smell-net/blobs/dad7e4811c2008ca047e8e20d68b5b1d7edc5f05,mugwort,saffron,9,"[""saffron"", ""mugwort"", ""star_anise"", ""walnuts"", ""mustard""]"
offline_training,offline_training/mugwort/mugwort.fedb3c17a272.csv,/Users/jeremykalfus/.cache/huggingface/hub/datasets--DeweiFeng--smell-net/blobs/48e796fa0d4f9ff9cbe7b0697267b010e2f97e8b,mugwort,mugwort,9,"[""mugwort"", ""strawberry"", ""almond"", ""broccoli"", ""star_anise""]"
offline_training,offline_training/mustard/mustard.32ed8f179daf.csv,/Users/jeremykalfus/.cache/huggingface/hub/datasets--DeweiFeng--smell-net/blobs/f05f7c3d22565d1ff4485b41eb4cc533ad0fc71e,mustard,mustard,11,"[""mustard"", ""peanuts"", ""walnuts"", ""cashew"", ""garlic""]"
offline_training,offline_training/mustard/mustard.45843ba0ea9c.csv,/Users/jeremykalfus/.cache/huggingface/hub/datasets--DeweiFeng--smell-net/blobs/92a383390e8f238ff12f700adb5b54e454e285db,mustard,mustard,10,"[""mustard"", ""kiwi"", ""brazil_nut"", ""cashew"", ""peanuts""]"
offline_training,offline_training/mustard/mustard.71f212e55de2.csv,/Users/jeremykalfus/.cache/huggingface/hub/datasets--DeweiFeng--smell-net/blobs/7853391d4463feaa8ced2aba48df9c2aa4d17ea0,mustard,mustard,10,"[""mustard"", ""chamomile"", ""cabbage"", ""cinnamon"", ""peanuts""]"
offline_training,offline_training/mustard/mustard.d81e05642612.csv,/Users/jeremykalfus/.cache/huggingface/hub/datasets--DeweiFeng--smell-net/blobs/ac842c51e921f7d6b7fc80153aa64fc38d927889,mustard,peanuts,10,"[""peanuts"", ""mustard"", ""walnuts"", ""saffron"", ""kiwi""]"
offline_training,offline_training/mustard/mustard.db9d4705a0af.csv,/Users/jeremykalfus/.cache/huggingface/hub/datasets--DeweiFeng--smell-net/blobs/f39287bed53574a810b183c61ed2be4544ca44da,mustard,mustard,10,"[""mustard"", ""peanuts"", ""saffron"", ""mugwort"", ""pistachios""]"
offline_training,offline_training/nutmeg/nutmeg.148196452e98.csv,/Users/jeremykalfus/.cache/huggingface/hub/datasets--DeweiFeng--smell-net/blobs/b6eab8d2aa17228df828d8baf0f062e9f1332255,nutmeg,nutmeg,9,"[""nutmeg"", ""allspice"", ""lemon"", ""dill"", ""brazil_nut""]"
offline_training,offline_training/nutmeg/nutmeg.25b66efd36f3.csv,/Users/jeremykalfus/.cache/huggingface/hub/datasets--DeweiFeng--smell-net/blobs/a2bff765c232856775f5377bc99d8371547770e3,nutmeg,nutmeg,9,"[""nutmeg"", ""dill"", ""brazil_nut"", ""lemon"", ""cumin""]"
offline_training,offline_training/nutmeg/nutmeg.bb6a98eff9ef.csv,/Users/jeremykalfus/.cache/huggingface/hub/datasets--DeweiFeng--smell-net/blobs/71355ecb7c93c58d45773bf3d868580f35ac4bfc,nutmeg,nutmeg,9,"[""nutmeg"", ""lemon"", ""cumin"", ""dill"", ""oregano""]"
offline_training,offline_training/nutmeg/nutmeg.e0b6fc09211e.csv,/Users/jeremykalfus/.cache/huggingface/hub/datasets--DeweiFeng--smell-net/blobs/419b90ec099b92836015591c457bc351301d6cd0,nutmeg,nutmeg,9,"[""nutmeg"", ""chestnuts"", ""sweet_potato"", ""oregano"", ""peach""]"
offline_training,offline_training/nutmeg/nutmeg.ee450fc124d1.csv,/Users/jeremykalfus/.cache/huggingface/hub/datasets--DeweiFeng--smell-net/blobs/a5b103a659a5e49099194c9ab7e9ad328f433356,nutmeg,nutmeg,9,"[""nutmeg"", ""dill"", ""cumin"", ""peach"", ""lemon""]"
offline_training,offline_training/oregano/oregano.0af4892da3e6.csv,/Users/jeremykalfus/.cache/huggingface/hub/datasets--DeweiFeng--smell-net/blobs/9d29cb80d48cb65ba8148097823debec654d6501,oregano,oregano,10,"[""oregano"", ""saffron"", ""mugwort"", ""allspice"", ""mustard""]"
offline_training,offline_training/oregano/oregano.1b185fb27068.csv,/Users/jeremykalfus/.cache/huggingface/hub/datasets--DeweiFeng--smell-net/blobs/c56aa34d6120b0e4994786e560dd25409c787bf4,oregano,oregano,10,"[""oregano"", ""brazil_nut"", ""mugwort"", ""chervil"", ""saffron""]"
offline_training,offline_training/oregano/oregano.2de6b69dd6cc.csv,/Users/jeremykalfus/.cache/huggingface/hub/datasets--DeweiFeng--smell-net/blobs/ed52acd6d0cc2a0e30b445de55dbb156bac1548b,oregano,oregano,10,"[""oregano"", ""dill"", ""cauliflower"", ""nutmeg"", ""mugwort""]"
offline_training,offline_training/oregano/oregano.34f62512a294.csv,/Users/jeremykalfus/.cache/huggingface/hub/datasets--DeweiFeng--smell-net/blobs/88937d05c9365540452bd032bd22214b066b6de1,oregano,oregano,9,"[""oregano"", ""cashew"", ""sweet_potato"", ""nutmeg"", ""cumin""]"
offline_training,offline_training/oregano/oregano.b7e899a9be5b.csv,/Users/jeremykalfus/.cache/huggingface/hub/datasets--DeweiFeng--smell-net/blobs/3607d205830d9735213c68fff38806654d2256d2,oregano,oregano,9,"[""oregano"", ""almond"", ""walnuts"", ""cashew"", ""saffron""]"
offline_training,offline_training/peach/peach.319883b76e5e.csv,/Users/jeremykalfus/.cache/huggingface/hub/datasets--DeweiFeng--smell-net/blobs/4f63ea1840a9eea41eb76df3dea6fccd3f6cc4c1,peach,peach,9,"[""peach"", ""mustard"", ""kiwi"", ""nutmeg"", ""angelica""]"
offline_training,offline_training/peach/peach.4f69f26c1fc8.csv,/Users/jeremykalfus/.cache/huggingface/hub/datasets--DeweiFeng--smell-net/blobs/a8e43506151de45034934a5da5f367eb72dfc1ad,peach,peach,9,"[""peach"", ""lemon"", ""star_anise"", ""angelica"", ""kiwi""]"
offline_training,offline_training/peach/peach.7af2b1866204.csv,/Users/jeremykalfus/.cache/huggingface/hub/datasets--DeweiFeng--smell-net/blobs/866681948ba80e1993bef875e7fb9270cd320359,peach,peach,9,"[""peach"", ""sweet_potato"", ""strawberry"", ""lemon"", ""mustard""]"
offline_training,offline_training/peach/peach.8f65b93e9a58.csv,/Users/jeremykalfus/.cache/huggingface/hub/datasets--DeweiFeng--smell-net/blobs/b45aa4899c1d3315c95adeeabf528324bd3a71a4,peach,peach,11,"[""peach"", ""garlic"", ""sweet_potato"", ""cinnamon"", ""walnuts""]"
offline_training,offline_training/peach/peach.94b713a12a9a.csv,/Users/jeremykalfus/.cache/huggingface/hub/datasets--DeweiFeng--smell-net/blobs/693542c26a3be1c10fae1c0508ef8b18773db26a,peach,peach,9,"[""peach"", ""sweet_potato"", ""potato"", ""broccoli"", ""pili_nut""]"
offline_training,offline_training/peanuts/peanuts.1692e3ae13cf.csv,/Users/jeremykalfus/.cache/huggingface/hub/datasets--DeweiFeng--smell-net/blobs/2363729866f4ec67a8f550f74a3cbe0d4ca11970,peanuts,peanuts,10,"[""peanuts"", ""cashew"", ""walnuts"", ""chamomile"", ""kiwi""]"
offline_training,offline_training/peanuts/peanuts.50d6a8a2348d.csv,/Users/jeremykalfus/.cache/huggingface/hub/datasets--DeweiFeng--smell-net/blobs/69c9840f07fe0bafe5e383544df02b11874d5344,peanuts,peanuts,10,"[""peanuts"", ""hazelnut"", ""walnuts"", ""mustard"", ""brazil_nut""]"
offline_training,offline_training/peanuts/peanuts.58981c293a33.csv,/Users/jeremykalfus/.cache/huggingface/hub/datasets--DeweiFeng--smell-net/blobs/8210f8389e57da02ad9f30c8bc7c0b709c69c4a6,peanuts,peanuts,10,"[""peanuts"", ""cashew"", ""mustard"", ""walnuts"", ""chamomile""]"
offline_training,offline_training/peanuts/peanuts.6135f1e3107b.csv,/Users/jeremykalfus/.cache/huggingface/hub/datasets--DeweiFeng--smell-net/blobs/da126a187078261df87e98269875b4d33894d9d9,peanuts,peanuts,10,"[""peanuts"", ""walnuts"", ""cashew"", ""mustard"", ""brazil_nut""]"
offline_training,offline_training/peanuts/peanuts.79dcfa111461.csv,/Users/jeremykalfus/.cache/huggingface/hub/datasets--DeweiFeng--smell-net/blobs/4591373c02a6da4faadfa54effc55033e4ab1bc9,peanuts,peanuts,10,"[""peanuts"", ""chamomile"", ""walnuts"", ""mustard"", ""kiwi""]"
offline_training,offline_training/pear/pear.1e6beb378407.csv,/Users/jeremykalfus/.cache/huggingface/hub/datasets--DeweiFeng--smell-net/blobs/999da3fdda10ea147dee72e705951b2531b14ba6,pear,pear,14,"[""pear"", ""apple"", ""chestnuts"", ""mango"", ""avocado""]"
offline_training,offline_training/pear/pear.251a2f5b4c30.csv,/Users/jeremykalfus/.cache/huggingface/hub/datasets--DeweiFeng--smell-net/blobs/d3007c1bbeac10ef8bf58a284a103cd16668e2ad,pear,pear,10,"[""pear"", ""apple"", ""mango"", ""avocado"", ""garlic""]"
offline_training,offline_training/pear/pear.3945883654e8.csv,/Users/jeremykalfus/.cache/huggingface/hub/datasets--DeweiFeng--smell-net/blobs/4db35c4af69819365b2397ab9e90fa6c063d1cea,pear,pear,10,"[""pear"", ""apple"", ""mango"", ""strawberry"", ""cabbage""]"
offline_training,offline_training/pear/pear.a1ffb1f8a0c5.csv,/Users/jeremykalfus/.cache/huggingface/hub/datasets--DeweiFeng--smell-net/blobs/69e7abef05a40b3b932f02b1345d92634c1d417c,pear,pear,10,"[""pear"", ""apple"", ""mango"", ""cabbage"", ""tomato""]"
offline_training,offline_training/pear/pear.b2a55c2434bb.csv,/Users/jeremykalfus/.cache/huggingface/hub/datasets--DeweiFeng--smell-net/blobs/6c772c56f5f7a022835494159eb4c730a6de08ab,pear,pear,10,"[""pear"", ""mango"", ""apple"", ""pineapple"", ""avocado""]"
offline_training,offline_training/pecans/pecans.039287d3d677.csv,/Users/jeremykalfus/.cache/huggingface/hub/datasets--DeweiFeng--smell-net/blobs/2622215985782b1bbbad4e65a5be89b202d48f32,pecans,pecans,10,"[""pecans"", ""brazil_nut"", ""chamomile"", ""walnuts"", ""chestnuts""]"
offline_training,offline_training/pecans/pecans.0de9c98d625f.csv,/Users/jeremykalfus/.cache/huggingface/hub/datasets--DeweiFeng--smell-net/blobs/0ce7550e17ec641f9596da3f1a7daa1a89506fc8,pecans,pecans,10,"[""pecans"", ""chestnuts"", ""cloves"", ""brussel_sprouts"", ""pear""]"
offline_training,offline_training/pecans/pecans.65fec345cbfb.csv,/Users/jeremykalfus/.cache/huggingface/hub/datasets--DeweiFeng--smell-net/blobs/3c5e23a72a3bf5df05b58ffefef54c223dbcdc8b,pecans,pecans,10,"[""pecans"", ""chervil"", ""walnuts"", ""cashew"", ""hazelnut""]"
offline_training,offline_training/pecans/pecans.c769736ba6ee.csv,/Users/jeremykalfus/.cache/huggingface/hub/datasets--DeweiFeng--smell-net/blobs/b6e9f52d7b10614f9b64aa7f32fe10de6a8ed70a,pecans,pecans,10,"[""pecans"", ""walnuts"", ""cashew"", ""pili_nut"", ""peanuts""]"
offline_training,offline_training/pecans/pecans.f1df30f87a84.csv,/Users/jeremykalfus/.cache/huggingface/hub/datasets--DeweiFeng--smell-net/blobs/21de6e14c995b10c137a72c4eb6596ad13ddd4ca,pecans,pecans,10,"[""pecans"", ""chervil"", ""hazelnut"", ""walnuts"", ""chamomile""]"
offline_training,offline_training/pili_nut/pili_nut.01e535ed2b49.csv,/Users/jeremykalfus/.cache/huggingface/hub/datasets--DeweiFeng--smell-net/blobs/877e921b27ec0837802c99deb872f2687e8be4e7,pili_nut,pili_nut,9,"[""pili_nut"", ""walnuts"", ""brazil_nut"", ""pecans"", ""chervil""]"
offline_training,offline_training/pili_nut/pili_nut.1ece8a44dcfa.csv,/Users/jeremykalfus/.cache/huggingface/hub/datasets--DeweiFeng--smell-net/blobs/37d0ffb46594b35f7225c87ccf301a7d06241245,pili_nut,pili_nut,10,"[""pili_nut"", ""pecans"", ""brazil_nut"", ""chervil"", ""potato""]"
offline_training,offline_training/pili_nut/pili_nut.6750fba70b8f.csv,/Users/jeremykalfus/.cache/huggingface/hub/datasets--DeweiFeng--smell-net/blobs/4b4c7beff20ed89d04f7cd786dcd0868e7cecd71,pili_nut,pili_nut,9,"[""pili_nut"", ""cashew"", ""pecans"", ""chervil"", ""hazelnut""]"
offline_training,offline_training/pili_nut/pili_nut.ce67b04e85b9.csv,/Users/jeremykalfus/.cache/huggingface/hub/datasets--DeweiFeng--smell-net/blobs/b0da83fd40647f19cff56caca94c9553e44b1b28,pili_nut,pili_nut,9,"[""pili_nut"", ""chervil"", ""brazil_nut"", ""tomato"", ""pecans""]"
offline_training,offline_training/pili_nut/pili_nut.fec2d554a3ba.csv,/Users/jeremykalfus/.cache/huggingface/hub/datasets--DeweiFeng--smell-net/blobs/12f6de8941ad160eb3cc684b72536d65d503261f,pili_nut,pili_nut,9,"[""pili_nut"", ""walnuts"", ""brazil_nut"", ""peanuts"", ""chervil""]"
offline_training,offline_training/pineapple/pineapple.09b3a4ebd0e6.csv,/Users/jeremykalfus/.cache/huggingface/hub/datasets--DeweiFeng--smell-net/blobs/fa740ba44e85ccc3f1cf202d5bcca3c6483f93ac,pineapple,pineapple,10,"[""pineapple"", ""radish"", ""pear"", ""strawberry"", ""chervil""]"
offline_training,offline_training/pineapple/pineapple.21828e7e29d1.csv,/Users/jeremykalfus/.cache/huggingface/hub/datasets--DeweiFeng--smell-net/blobs/3ac9f182474b373c7933c44953d62dc1b5c4c66a,pineapple,pineapple,10,"[""pineapple"", ""radish"", ""pear"", ""cauliflower"", ""chervil""]"
offline_training,offline_training/pineapple/pineapple.719cc9d8fae0.csv,/Users/jeremykalfus/.cache/huggingface/hub/datasets--DeweiFeng--smell-net/blobs/de05a83581a69cafc63558f42c20fac5aa8d5bf7,pineapple,pineapple,10,"[""pineapple"", ""pear"", ""broccoli"", ""strawberry"", ""cinnamon""]"
offline_training,offline_training/pineapple/pineapple.c147713164d5.csv,/Users/jeremykalfus/.cache/huggingface/hub/datasets--DeweiFeng--smell-net/blobs/d2253274270126a4a0f7e753c460b98af8373d5a,pineapple,pineapple,10,"[""pineapple"", ""radish"", ""peach"", ""dill"", ""cinnamon""]"
offline_training,offline_training/pineapple/pineapple.fb4bc3efcfea.csv,/Users/jeremykalfus/.cache/huggingface/hub/datasets--DeweiFeng--smell-net/blobs/0aa94f782af0a5d20bd464a1734b783c9112a53b,pineapple,pineapple,10,"[""pineapple"", ""broccoli"", ""pear"", ""mandarin_orange"", ""angelica""]"
offline_training,offline_training/pistachios/pistachios.011fa4305de0.csv,/Users/jeremykalfus/.cache/huggingface/hub/datasets--DeweiFeng--smell-net/blobs/51c4c3cc6d7bc70200ef501d07887e01a85dddfc,pistachios,pistachios,10,"[""pistachios"", ""strawberry"", ""star_anise"", ""radish"", ""mango""]"
offline_training,offline_training/pistachios/pistachios.04ff76b5457c.csv,/Users/jeremykalfus/.cache/huggingface/hub/datasets--DeweiFeng--smell-net/blobs/420aa6defedb4caf724345dac4db3ad46ad7c57e,pistachios,pistachios,10,"[""pistachios"", ""strawberry"", ""mango"", ""star_anise"", ""radish""]"
offline_training,offline_training/pistachios/pistachios.8e1b81ccd312.csv,/Users/jeremykalfus/.cache/huggingface/hub/datasets--DeweiFeng--smell-net/blobs/1217111e7fe41dba5847d8c07e0de105c3d878de,pistachios,pistachios,10,"[""pistachios"", ""strawberry"", ""star_anise"", ""mango"", ""radish""]"
offline_training,offline_training/pistachios/pistachios.aaf0c54186ba.csv,/Users/jeremykalfus/.cache/huggingface/hub/datasets--DeweiFeng--smell-net/blobs/7aa4ee9facf20334122c1dbebcc9f38fa4f0e331,pistachios,radish,10,"[""radish"", ""star_anise"", ""strawberry"", ""pistachios"", ""apple""]"
offline_training,offline_training/pistachios/pistachios.ebdfbbe04a2b.csv,/Users/jeremykalfus/.cache/huggingface/hub/datasets--DeweiFeng--smell-net/blobs/09b4c4469ef08734fceaea9b33534f28cdfc1f08,pistachios,pistachios,11,"[""pistachios"", ""strawberry"", ""star_anise"", ""mango"", ""chamomile""]"
offline_training,offline_training/potato/potato.31b6769479a1.csv,/Users/jeremykalfus/.cache/huggingface/hub/datasets--DeweiFeng--smell-net/blobs/1768f1af17e337a70a2b4948cd63ecc3e8023ea5,potato,tomato,9,"[""tomato"", ""cauliflower"", ""potato"", ""avocado"", ""turnip""]"
offline_training,offline_training/potato/potato.7f493d25b78f.csv,/Users/jeremykalfus/.cache/huggingface/hub/datasets--DeweiFeng--smell-net/blobs/baa6391aaf033905af32236e62fe416e3b31277d,potato,potato,9,"[""potato"", ""brussel_sprouts"", ""banana"", ""turnip"", ""asparagus""]"
offline_training,offline_training/potato/potato.a346ac8679de.csv,/Users/jeremykalfus/.cache/huggingface/hub/datasets--DeweiFeng--smell-net/blobs/9ae01d6adfd8aa8579014f6ae25978e540c7c03e,potato,potato,9,"[""potato"", ""asparagus"", ""sweet_potato"", ""chestnuts"", ""turnip""]"
offline_training,offline_training/potato/potato.ad22f5063114.csv,/Users/jeremykalfus/.cache/huggingface/hub/datasets--DeweiFeng--smell-net/blobs/4fda8d0acc8bc9ade02ed5201dd13806c3c9815d,potato,potato,10,"[""potato"", ""banana"", ""brussel_sprouts"", ""broccoli"", ""brazil_nut""]"
offline_training,offline_training/potato/potato.f1832809e24b.csv,/Users/jeremykalfus/.cache/huggingface/hub/datasets--DeweiFeng--smell-net/blobs/e1a8325657cc63e614cfb4250baa9c60b2465f35,potato,potato,9,"[""potato"", ""cabbage"", ""broccoli"", ""tomato"", ""turnip""]"
offline_training,offline_training/radish/radish.1f6a68193789.csv,/Users/jeremykalfus/.cache/huggingface/hub/datasets--DeweiFeng--smell-net/blobs/984b9b2c691efcac803c2601849d93c8b25cc120,radish,radish,11,"[""radish"", ""pineapple"", ""pistachios"", ""strawberry"", ""mango""]"
offline_training,offline_training/radish/radish.322323a5c0c0.csv,/Users/jeremykalfus/.cache/huggingface/hub/datasets--DeweiFeng--smell-net/blobs/2aacfda39acddccf1eea1abe529fee5790deb1d6,radish,radish,11,"[""radish"", ""pistachios"", ""strawberry"", ""mango"", ""star_anise""]"
offline_training,offline_training/radish/radish.80cc18179d1a.csv,/Users/jeremykalfus/.cache/huggingface/hub/datasets--DeweiFeng--smell-net/blobs/4aae1f0c46b12e6b5a21ce204e96aae0e741515b,radish,radish,12,"[""radish"", ""pineapple"", ""chervil"", ""cauliflower"", ""sweet_potato""]"
offline_training,offline_training/radish/radish.bf0456be0da8.csv,/Users/jeremykalfus/.cache/huggingface/hub/datasets--DeweiFeng--smell-net/blobs/127e4a4fa592de3d8fce01e0085b2dd5afab21f2,radish,radish,13,"[""radish"", ""strawberry"", ""pistachios"", ""mango"", ""pear""]"
offline_training,offline_training/radish/radish.db63f1ebe465.csv,/Users/jeremykalfus/.cache/huggingface/hub/datasets--DeweiFeng--smell-net/blobs/c9c60d4d19cb3bb3fbca593f799f4ff48e944d5c,radish,radish,11,"[""radish"", ""pistachios"", ""strawberry"", ""mango"", ""star_anise""]"
offline_training,offline_training/saffron/saffron.6a7c16093494.csv,/Users/jeremykalfus/.cache/huggingface/hub/datasets--DeweiFeng--smell-net/blobs/5345573eca1a6405abebc2aa54d3fe13d0520364,saffron,saffron,9,"[""saffron"", ""mustard"", ""mugwort"", ""star_anise"", ""pistachios""]"
offline_training,offline_training/saffron/saffron.6c62034310a3.csv,/Users/jeremykalfus/.cache/huggingface/hub/datasets--DeweiFeng--smell-net/blobs/c0ba83031757f8fcbfaed64cf744debbd52e71ba,saffron,saffron,10,"[""saffron"", ""cashew"", ""oregano"", ""mugwort"", ""mustard""]"
offline_training,offline_training/saffron/saffron.a9ec93aa4e4d.csv,/Users/jeremykalfus/.cache/huggingface/hub/datasets--DeweiFeng--smell-net/blobs/0dde9d25d19be6dc4fff49e7d2b0b842bf4f3967,saffron,saffron,9,"[""saffron"", ""pistachios"", ""angelica"", ""walnuts"", ""brazil_nut""]"
offline_training,offline_training/saffron/saffron.cd1b4d31adb8.csv,/Users/jeremykalfus/.cache/huggingface/hub/datasets--DeweiFeng--smell-net/blobs/e6921e055c1cc1d41e6065a5b4aa4fbc7612f457,saffron,saffron,9,"[""saffron"", ""oregano"", ""mustard"", ""ginger"", ""cabbage""]"
offline_training,offline_training/saffron/saffron.e3e8e4ff75be.csv,/Users/jeremykalfus/.cache/huggingface/hub/datasets--DeweiFeng--smell-net/blobs/d038db43df08288d53f9aa752b45025329fc7ae2,saffron,saffron,9,"[""saffron"", ""mustard"", ""peanuts"", ""mugwort"", ""kiwi""]"
offline_training,offline_training/star_anise/star_anise.05cc11d40a14.csv,/Users/jeremykalfus/.cache/huggingface/hub/datasets--DeweiFeng--smell-net/blobs/f5671968964b93d3475141fc8729c47b37cc3bb8,star_anise,angelica,10,"[""angelica"", ""lemon"", ""cinnamon"", ""star_anise"", ""strawberry""]"
offline_training,offline_training/star_anise/star_anise.7ea8c43f6fa6.csv,/Users/jeremykalfus/.cache/huggingface/hub/datasets--DeweiFeng--smell-net/blobs/ca0c4ff498736d715b113573b9386ab6b02715c8,star_anise,star_anise,10,"[""star_anise"", ""angelica"", ""strawberry"", ""pistachios"", ""mango""]"
offline_training,offline_training/star_anise/star_anise.942828ed2999.csv,/Users/jeremykalfus/.cache/huggingface/hub/datasets--DeweiFeng--smell-net/blobs/a18ab2d299b8599f16d6df54aa09b9b68bae38d7,star_anise,star_anise,10,"[""star_anise"", ""pistachios"", ""angelica"", ""strawberry"", ""radish""]"
offline_training,offline_training/star_anise/star_anise.adeba74849df.csv,/Users/jeremykalfus/.cache/huggingface/hub/datasets--DeweiFeng--smell-net/blobs/d13f74c875b3e76a52174ae23cd70080c57a8606,star_anise,star_anise,10,"[""star_anise"", ""pistachios"", ""radish"", ""strawberry"", ""angelica""]"
offline_training,offline_training/star_anise/star_anise.bb263b1aa2c8.csv,/Users/jeremykalfus/.cache/huggingface/hub/datasets--DeweiFeng--smell-net/blobs/da4fab20aab8bc0560f8485abcd1f9c98dff5c49,star_anise,star_anise,11,"[""star_anise"", ""pistachios"", ""angelica"", ""chamomile"", ""strawberry""]"
offline_training,offline_training/strawberry/strawberry.1ee1ef35422d.csv,/Users/jeremykalfus/.cache/huggingface/hub/datasets--DeweiFeng--smell-net/blobs/039100028ac25ba74a5a618860d0d2f20f3e799c,strawberry,strawberry,11,"[""strawberry"", ""pistachios"", ""radish"", ""mango"", ""pear""]"
offline_training,offline_training/strawberry/strawberry.258fe656aa0b.csv,/Users/jeremykalfus/.cache/huggingface/hub/datasets--DeweiFeng--smell-net/blobs/b8be2aea06180607c8cc01876247d404fabc56d4,strawberry,strawberry,11,"[""strawberry"", ""pistachios"", ""mango"", ""radish"", ""star_anise""]"
offline_training,offline_training/strawberry/strawberry.310a68a24f60.csv,/Users/jeremykalfus/.cache/huggingface/hub/datasets--DeweiFeng--smell-net/blobs/097e02aad58c2a4a44b71278ce869d8874c21813,strawberry,strawberry,11,"[""strawberry"", ""pistachios"", ""mango"", ""star_anise"", ""radish""]"
offline_training,offline_training/strawberry/strawberry.35cfcb0c123b.csv,/Users/jeremykalfus/.cache/huggingface/hub/datasets--DeweiFeng--smell-net/blobs/59dba220e872b34639a571715c5fd05dc2bbe45a,strawberry,strawberry,11,"[""strawberry"", ""pistachios"", ""star_anise"", ""radish"", ""mango""]"
offline_training,offline_training/strawberry/strawberry.951468f2ab04.csv,/Users/jeremykalfus/.cache/huggingface/hub/datasets--DeweiFeng--smell-net/blobs/15e8fde90007c330e8d5e8583875405eb69ca1f8,strawberry,strawberry,11,"[""strawberry"", ""pistachios"", ""mango"", ""radish"", ""star_anise""]"
offline_training,offline_training/sweet_potato/sweet_potato.188d82f8d72b.csv,/Users/jeremykalfus/.cache/huggingface/hub/datasets--DeweiFeng--smell-net/blobs/d727b9d207a009fbbdbe663bc1846eb9f8ad4d16,sweet_potato,sweet_potato,9,"[""sweet_potato"", ""cauliflower"", ""cloves"", ""potato"", ""broccoli""]"
offline_training,offline_training/sweet_potato/sweet_potato.61fa7e3329eb.csv,/Users/jeremykalfus/.cache/huggingface/hub/datasets--DeweiFeng--smell-net/blobs/242861781691280e5c83bf22ef1b9cde737a321d,sweet_potato,sweet_potato,9,"[""sweet_potato"", ""peach"", ""oregano"", ""chervil"", ""pili_nut""]"
offline_training,offline_training/sweet_potato/sweet_potato.cc45345217a6.csv,/Users/jeremykalfus/.cache/huggingface/hub/datasets--DeweiFeng--smell-net/blobs/6379602a07b9fd12ba454039323296775fbfdf4d,sweet_potato,sweet_potato,9,"[""sweet_potato"", ""peach"", ""cloves"", ""almond"", ""apple""]"
offline_training,offline_training/sweet_potato/sweet_potato.cc6d44ec6e22.csv,/Users/jeremykalfus/.cache/huggingface/hub/datasets--DeweiFeng--smell-net/blobs/c743e06a18efcc37f6cd280915bebc6adb9b0910,sweet_potato,sweet_potato,9,"[""sweet_potato"", ""potato"", ""cabbage"", ""banana"", ""brussel_sprouts""]"
offline_training,offline_training/sweet_potato/sweet_potato.cdf65deec4e6.csv,/Users/jeremykalfus/.cache/huggingface/hub/datasets--DeweiFeng--smell-net/blobs/29bf9bfab4508905b73fee475f3cf28532625e2b,sweet_potato,sweet_potato,9,"[""sweet_potato"", ""brussel_sprouts"", ""potato"", ""peach"", ""oregano""]"
offline_training,offline_training/tomato/tomato.69691bcad171.csv,/Users/jeremykalfus/.cache/huggingface/hub/datasets--DeweiFeng--smell-net/blobs/d5abe1ea232261248fa9b71074b55c7a37ecbd34,tomato,avocado,10,"[""avocado"", ""tomato"", ""turnip"", ""cabbage"", ""cauliflower""]"
offline_training,offline_training/tomato/tomato.7dccef20a4e9.csv,/Users/jeremykalfus/.cache/huggingface/hub/datasets--DeweiFeng--smell-net/blobs/0cc0821023c6f625d778a8db41c288c5cb3c85c0,tomato,tomato,10,"[""tomato"", ""turnip"", ""avocado"", ""potato"", ""cabbage""]"
offline_training,offline_training/tomato/tomato.a6ca1eaad811.csv,/Users/jeremykalfus/.cache/huggingface/hub/datasets--DeweiFeng--smell-net/blobs/d82526099b6d6eb51a054476ab61c51be52564a8,tomato,turnip,10,"[""turnip"", ""cabbage"", ""avocado"", ""cauliflower"", ""tomato""]"
offline_training,offline_training/tomato/tomato.ab5a46e28f61.csv,/Users/jeremykalfus/.cache/huggingface/hub/datasets--DeweiFeng--smell-net/blobs/9e81876a8862b687e4178fe3b757081fa5ec4c14,tomato,avocado,11,"[""avocado"", ""tomato"", ""turnip"", ""cabbage"", ""potato""]"
offline_training,offline_training/tomato/tomato.e0b9abb7850f.csv,/Users/jeremykalfus/.cache/huggingface/hub/datasets--DeweiFeng--smell-net/blobs/7a76e17b067f555b8e6c3203b6c7055e8bd7fc0a,tomato,banana,10,"[""banana"", ""avocado"", ""cabbage"", ""cloves"", ""turnip""]"
offline_training,offline_training/turnip/turnip.4b00cc32eca9.csv,/Users/jeremykalfus/.cache/huggingface/hub/datasets--DeweiFeng--smell-net/blobs/d408586615f97ec024df0d823d3086b0aee159a9,turnip,avocado,10,"[""avocado"", ""turnip"", ""cabbage"", ""tomato"", ""cauliflower""]"
offline_training,offline_training/turnip/turnip.512a76ff607c.csv,/Users/jeremykalfus/.cache/huggingface/hub/datasets--DeweiFeng--smell-net/blobs/276772daa60b7de6095dceb682861d6f22345d36,turnip,turnip,10,"[""turnip"", ""kiwi"", ""avocado"", ""cabbage"", ""tomato""]"
offline_training,offline_training/turnip/turnip.b531fd7f1ae6.csv,/Users/jeremykalfus/.cache/huggingface/hub/datasets--DeweiFeng--smell-net/blobs/fbdf0704101084d0c0883df5d376b3f976922f0a,turnip,kiwi,10,"[""kiwi"", ""cabbage"", ""turnip"", ""avocado"", ""brussel_sprouts""]"
offline_training,offline_training/turnip/turnip.c6a109041ea4.csv,/Users/jeremykalfus/.cache/huggingface/hub/datasets--DeweiFeng--smell-net/blobs/ce12b343602b83c7f21e9b6825667df0d75f529e,turnip,chives,10,"[""chives"", ""cabbage"", ""asparagus"", ""tomato"", ""potato""]"
offline_training,offline_training/turnip/turnip.fda2e6bcc400.csv,/Users/jeremykalfus/.cache/huggingface/hub/datasets--DeweiFeng--smell-net/blobs/d87ddc18fd504942a3ba60c6870bd71d8741b2d6,turnip,tomato,10,"[""tomato"", ""avocado"", ""turnip"", ""cabbage"", ""cauliflower""]"
offline_training,offline_training/walnuts/walnuts.04d2e7e42cfd.csv,/Users/jeremykalfus/.cache/huggingface/hub/datasets--DeweiFeng--smell-net/blobs/bb0cf21421e931c2c959bcbda4dd3d191a4aad2d,walnuts,walnuts,11,"[""walnuts"", ""cashew"", ""brazil_nut"", ""peanuts"", ""chamomile""]"
offline_training,offline_training/walnuts/walnuts.4403eaec0723.csv,/Users/jeremykalfus/.cache/huggingface/hub/datasets--DeweiFeng--smell-net/blobs/c569d2ab4cab08d977e77c7390be4cf40d573712,walnuts,walnuts,11,"[""walnuts"", ""peanuts"", ""brazil_nut"", ""chamomile"", ""cashew""]"
offline_training,offline_training/walnuts/walnuts.a9aea2972073.csv,/Users/jeremykalfus/.cache/huggingface/hub/datasets--DeweiFeng--smell-net/blobs/34316509e10f058cb4087e448a41c7168bb885c1,walnuts,peanuts,13,"[""peanuts"", ""walnuts"", ""cashew"", ""mustard"", ""chamomile""]"
offline_training,offline_training/walnuts/walnuts.c1f6fa0841bf.csv,/Users/jeremykalfus/.cache/huggingface/hub/datasets--DeweiFeng--smell-net/blobs/2b24e421b7c1ff5dd6e0e7bfe01fbc68bde5712e,walnuts,walnuts,11,"[""walnuts"", ""pili_nut"", ""cashew"", ""brazil_nut"", ""chamomile""]"
offline_training,offline_training/walnuts/walnuts.f710e88caa12.csv,/Users/jeremykalfus/.cache/huggingface/hub/datasets--DeweiFeng--smell-net/blobs/e7ba4a7f95ab3f9ceef3bcdcb58f9f8470d0217a,walnuts,walnuts,10,"[""walnuts"", ""peanuts"", ""chamomile"", ""cashew"", ""mustard""]"
